{
  "version": 1,
  "author": "Simulador Energia",
  "editor": "wokwi",
  "parts": [
    { "type": "wokwi-esp32-devkit-v1", "id": "esp", "top": 0, "left": 0, "attrs": {} },
    { "type": "wokwi-potentiometer", "id": "pot1", "top": 100, "left": 160, "attrs": { "value": "512" } }
  ],
  "connections": [
    [ "pot1:VCC", "esp:3V3", "red", [ "v0" ] ],
    [ "pot1:GND", "esp:GND.1", "black", [ "v0" ] ],
    [ "pot1:SIG", "esp:D32", "green", [ "v0" ] ],
    [ "esp:TX0", "$serialMonitor:RX", "", [] ],
    [ "esp:RX0", "$serialMonitor:TX", "", [] ]
  ],
  "dependencies": {}
}
